food,25
burger,13
place,13
new,12
good,11
staff,10
service,10
great,9
fries,9
order,9
time,8
get,8
Singapore,8
chicken,8
breakfast,7
menu,6
quick,6
want,6
back,6
like,6
also,6
something,5
Service,5
point,5
nice,5
tea,5
one,5
Burger,5
icecream,5
hotel,4
Good,4
Fast,4
always,4
Great,4
Chicken,4
McCafe,4
quality,4
would,4
fast,4
snack,4
understand,4
really,4
burgers,4
amazing,4
bad,4
Big,4
Meal,4
drink,4
coffee,4
lunch,4
love,4
trying,3
entry,3
Nice,3
eat,3
however,3
bacon,3
Macdonald,3
oil,3
Tried,3
location,3
hangout,3
money,3
Always,3
friendly,3
delicious,3
singapore,3
small,3
first,3
grilled,3
taste,3
need,3
try,3
visit,3
see,3
way,3
counter,3
Even,3
go,3
beef,3
still,3
Also,3
Yes,3
ordering,3
waiting,3
working,3
branches,3
Mccafe,3
people,3
cheap,3
cup,3
One,3
friends,3
rest,3
set,3
except,3
kids,3
meals,3
First,2
Parkway,2
Parade,2
Branch,2
Kit,2
Kat,2
kitkat,2
mcflurry,2
experience,2
needed,2
quickly,2
pay,2
branch,2
North,2
24x7,2
Easy,2
option,2
full,2
lot,2
bite,2
festive,2
walking,2
hang,2
Oily,2
frappe,2
Himalayas,2
afternoon,2
Try,2
Smoothies,2
cooking,2
mcmuffin,2
Orchard,2
Best,2
Lunch,2
river,2
Value,2
firm,2
favourite,2
big,2
yummy,2
late,2
easy,2
fabulous,2
little,2
spicy,2
even,2
customer,2
smile,2
job,2
chocolate,2
pie,2
onions,2
person,2
serve,2
corn,2
never,2
saw,2
fried,2
salad,2
went,2
cheese,2
lettuce,2
every,2
know,2
please,2
screen,2
usual,2
orders,2
show,2
keep,2
took,2
right,2
Fries,2
worse,2
away,2
well,2
served,2
tasted,2
tastes,2
Angus,2
angle,2
many,2
put,2
bit,2
expensive,2
system,2
dont,2
two,2
section,2
rude,2
sometimes,2
make,2
say,2
seen,2
lacking,2
name,2
told,2
collegue,2
McChicken,2
available,2
Never,2
find,2
tables,2
eating,2
stopped,2
different,2
located,2
meal,2
asked,2
found,2
ads,2
bought,2
minutes,2
outlet,2
tried,2
home,2
came,2
reasonable,2
fan,2
10,2
unhealthy,2
instead,2
usually,2
near,2
around,2
area,2
Fullerton,2
better,2
hawker,2
world,2
value,2
much,2
I'm,2
Convenient,1
McFlurry,1
Strange,1
hurry,1
OMG,1
BEST,1
BURGER,1
EVER,1
Local,1
High,1
Tech,1
average,1
Causeway,1
pt,1
Cheap,1
Different,1
Quick,1
Bite,1
interesting,1
mccafe,1
-good,1
GOOD,1
FOOD,1
Trying,1
Skip,1
grab,1
Awesome,1
Rude,1
Salty,1
Yummy,1
Protein,1
Move,1
Quiet,1
Sunday,1
reliable,1
New,1
Combination,1
Recycled,1
Donald's,1
Dining,1
Expensive,1
tested,1
Still,1
Lovin',1
Rd,1
Flawless,1
Customer,1
Set,1
Perfect,1
looking,1
evening,1
bring,1
Yay,1
predictable,1
inexpensive,1
prosperity,1
highly,1
raved,1
mcspicy,1
liking,1
flavourful,1
juicy,1
Hope,1
sold,1
worldwide,1
Staff,1
humble,1
lady,1
greets,1
everybody,1
scanned,1
safe,1
QR,1
code,1
temperature,1
checked,1
wished,1
goodbye,1
thankyou,1
leave,1
restaurant,1
sweet,1
Keep,1
McFlurry:,1
smooth,1
creamy,1
rich,1
kit,1
kat,1
greatness,1
tasty,1
maplesyrup,1
mcgriddles,1
sausage,1
filetofish,1
dexperience,1
tastetest,1
niceornot,1
kallang,1
helpful,1
main,1
problem,1
portions,1
reorder,1
ordered,1
regular,1
hamburger,1
catsup,1
pickles,1
mustard,1
waited,1
pic,1
melted,1
butter,1
USA,1
McDonald;'s,1
busy,1
moved,1
rather,1
standards,1
fricken,1
Europe,1
states,1
mouth,1
gets,1
watery,1
I‚Äôm,1
thinking,1
beautiful,1
objects,1
Singapore),1
meanwhile,1
fair,1
dressing,1
Everything,1
super,1
Omg,1
red,1
coleslaw,1
pineapple,1
sauce,1
life,1
day,1
haven‚Äôt,1
won‚Äôt,1
regret,1
Let,1
else,1
pictures,1
trips,1
check,1
Instagram,1
whaatzzupp,1
Thanks,1
reading,1
next,1
soon,1
Location:,1
Food:,1
Price:,1
discovered,1
automatically,1
skip,1
line,1
picked,1
Despite,1
reluctance,1
automatic,1
coming,1
Lychee,1
McFizz,1
refreshing,1
Couldn‚Äôt,1
correct,1
attempts,1
flat,1
cold,1
McDonald‚Äôs,1
iv,1
traveled,1
rudeness,1
Manager,1
hides,1
there‚Äôs,1
complaint,1
us,1
inconsistent,1
times,1
lukewarm,1
Better,1
start,1
getting,1
card,1
board,1
mushrooms,1
actually,1
says,1
100%,1
reminded,1
days,1
introduced,1
become,1
real-food,1
Todays,1
consumers,1
health,1
conscious,1
Tell,1
win,1
trust,1
negatives,1
spread,1
internet,1
work,1
healthy,1
offerings,1
careful,1
bodies,1
rate,1
worth,1
recognize,1
fact,1
minimizes,1
Well,1
done,1
product,1
crowd,1
divided,1
far,1
greet,1
stock,1
im,1
queue,1
ask,1
amd,1
argue,1
Auntie,1
student,1
selling,1
causeway,1
misunderstand,1
Correct,1
words,1
prove,1
smart,1
seriously,1
showing,1
label,1
blur,1
talking,1
empathy,1
frustrating,1
Horrible,1
dead,1
meat,1
Eat,1
closed,1
short,1
cash,1
McD,1
universally,1
recognised,1
brand,1
open,1
Please,1
note,1
weekends,1
friday,1
evenings,1
limited,1
options,1
vegetarians,1
McSpicy,1
Corn,1
twisted,1
famous,1
includes,1
Cool,1
water,1
apple,1
Coffe,1
Home,1
delivery,1
10S$,1
wide,1
range,1
choose,1
places,1
hours,1
together,1
space,1
sit,1
finish,1
clean,1
worst,1
outing,1
wife,1
Japan,1
Thailand,1
Indonesia,1
samurai,1
fantastic,1
Raffles,1
exit,1
City,1
Mall,1
Mrt,1
Taking,1
separately,1
wait,1
ur,1
number,1
foods,1
checking,1
Screen,1
disappointed,1
visiting,1
crowded,1
collect,1
self,1
machines,1
Mickey,1
D's,1
twist,1
caf√©,1
pastries,1
separate,1
ice,1
cream,1
walked,1
McDonalds',1
filet-o-fish,1
coke,1
zero,1
light,1
choice,1
fuel,1
without,1
fuss,1
Saw,1
placard,1
advertising,1
ebi,1
counter;,1
old,1
morning,1
diva,1
cake,1
whether,1
willing,1
type,1
distance,1
Atmosphere,1
cleaned,1
emptied,1
seeing,1
TV,1
newspapers,1
‚Äòsuccumbed‚Äô,1
patty,1
tomato,1
saut√©ed,1
‚Äòartificial‚Äô,1
turkey,1
Sometimes,1
stop,1
today,1
Marina,1
Square,1
Beef,1
Clubhouse,1
hard,1
tasteless,1
spoiled,1
Definitely,1
comfort,1
emoticon,1
pricing,1
couple,1
Meals,1
cokes,1
S$14,1
Quite,1
shopping,1
hope,1
high,1
since,1
Although,1
give,1
chose,1
quarter,1
pounder,1
guess,1
macdonald,1
lately,1
standard,1
became,1
salty,1
prepare,1
part,1
timers,1
mostly,1
secondary,1
students,1
Aunties,1
üò∞i,1
biased,1
true,1
especially,1
ones,1
‚ù§Ô∏è‚ù§Ô∏è‚ù§Ô∏è‚ù§Ô∏è‚ù§Ô∏è,1
definitely,1
come,1
chill,1
cakes,1
Unfortunately,1
cafe,1
blessed,1
live,1
patronised,1
Aug,1
2014,1
22,1
pm,1
outlet's,1
Blk,1
148,1
Potong,1
Pasir,1
Avenue,1
Unit,1
01-43,1
Double,1
Cheese,1
sad,1
pocket,1
not-hot,1
Coke,1
S$5,1
Boat,1
Quay,1
quiet,1
Sundays,1
business,1
district,1
winds,1
weekend,1
Kids,1
run,1
UOB,1
plaza,1
nothing,1
ordinary,1
mcdonlds,1
deliver,1
24,1
expect,1
mcflurrys,1
seem,1
shrunk,1
dying,1
Smoothie,1
workout,1
session,1
Thursday,1
happened,1
pass,1
Road,1
menus,1
sick,1
tired,1
continental,1
Chinese,1
heard,1
headed,1
store,1
walk,1
McGriddle,1
bun,1
used,1
pancake,1
McMuffin,1
refillable,1
sandwhich,1
costs,1
$6,1
per,1
smear,1
inside,1
recycled,1
unnecessary,1
muffin,1
let,1
remind,1
missing,1
yor,1
change,1
wonderful,1
rice,1
stays,1
etc,1
stalls,1
dine,1
liked,1
Mcspicy,1
french,1
fresh,1
fruit,1
shakes,1
excellent,1
compared,1
neighboring,1
countries,1
pricr,1
numbers,1
currency,1
difference,1
made,1
almost,1
half,1
Msia,1
cities,1
Look,1
there's,1
price,1
centre,1
court,1
Mac's,1
Jurong,1
Bird,1
park,1
Expect,1
hospitality,1
Breakfast,1
Dinner,1
island,1
consistent,1
smokers,1
compliment,1
telephone,1
operator,1
night,1
shift,1
colleague,1
decided,1
call,1
got,1
informed,1
might,1
take,1
longer,1
town,1
rushing,1
meeting,1
Donalds,1
with:,1
1),1
Nuggets,1
2),1
Drinks,1
3),1
$4,1
50,1
pretty,1
(with,1
culturally-specific,1
changes,1
items),1
ideally,1
makes,1
setting,1
probably,1
going,1
exciting,1
family,1
atmosphere,1
Lots,1
Young,1
couples,1
pets,1
locals,1
